,City,Cloudiness,Country,Date,Humidity,Lat,Lng,Max_Temp,Wind_Speed
0,Georgetown,40,GY,1562630195,78,6.8,-58.16,82.4,4.7
1,Norman Wells,40,CA,1562630468,37,65.28,-126.83,66.2,9.17
2,Mataura,100,NZ,1562630892,75,-46.19,168.86,50.0,17.0
3,Ushuaia,0,AR,1562630381,80,-54.81,-68.31,41.0,4.7
4,Macheng,99,CN,1562630893,93,31.18,115.03,69.37,8.43
5,Lenger,0,KZ,1562630893,53,42.18,69.89,71.6,4.47
6,Qaanaaq,99,GL,1562630893,87,77.48,-69.36,39.45,2.84
7,Butaritari,60,KI,1562630710,72,3.07,172.79,83.97,9.55
8,Arraial do Cabo,0,BR,1562630701,87,-22.97,-42.02,57.2,2.24
9,Chifeng,100,CN,1562630894,52,42.27,118.96,72.18,5.79
10,Wiang Sa,20,TH,1562630894,100,8.64,99.37,75.2,3.36
11,Rikitea,96,PF,1562630698,84,-23.12,-134.97,73.1,5.48
12,Punta Arenas,90,CL,1562630703,93,-53.16,-70.91,41.0,6.93
13,San Andres,99,PH,1562630717,79,13.32,122.68,82.74,4.61
14,Archena,0,ES,1562630895,78,38.11,-1.3,73.99,4.7
15,Busselton,80,AU,1562630692,80,-33.64,115.35,51.01,14.16
16,Lensk,34,RU,1562630896,57,60.71,114.91,71.69,3.85
17,Castro,90,CL,1562630755,100,-42.48,-73.76,50.0,13.87
18,Polunochnoye,93,RU,1562630896,96,60.87,60.43,46.1,2.51
19,Adwa,65,ET,1562630897,95,14.16,38.9,61.14,3.4
20,Khatanga,87,RU,1562630707,75,71.98,102.47,50.78,5.79
21,Mahibadhoo,80,MV,1562630897,78,3.78,72.97,83.9,12.77
22,Port Alfred,43,ZA,1562630695,77,-33.59,26.89,64.0,7.0
23,Verkh-Usugli,41,RU,1562630897,73,52.7,115.17,64.67,2.21
24,Barrow,100,AR,1562630665,72,-38.31,-60.23,48.15,12.53
25,Saint-Pierre,0,FR,1562630898,76,48.95,4.24,55.4,8.05
26,Atuona,5,PF,1562630695,72,-9.8,-139.03,80.21,9.8
27,Kijang,75,KR,1562630898,68,35.24,129.21,71.6,9.17
28,Hobart,20,AU,1562630709,71,-42.88,147.33,55.99,10.29
29,Hermanus,10,ZA,1562630706,92,-34.42,19.24,54.0,20.13
30,Beshpagir,40,RU,1562630899,60,45.02,42.37,73.99,13.42
31,Saint-Philippe,1,CA,1562630739,36,45.36,-73.48,80.6,10.13
32,Ancud,90,CL,1562630698,100,-41.87,-73.83,50.0,13.87
33,Esperance,90,AU,1562630674,100,-33.86,121.89,50.0,8.05
34,Albany,1,US,1562630410,44,42.65,-73.75,82.4,5.82
35,Vardo,90,US,1562630900,88,39.62,-77.74,77.0,4.7
36,Iqaluit,75,CA,1562630792,62,63.75,-68.52,57.2,3.36
37,Davila,75,PH,1562630900,78,18.47,120.58,80.6,3.36
38,Angoche,44,MZ,1562630901,84,-16.23,39.91,65.1,4.07
39,Ponta do Sol,0,BR,1562630748,74,-20.63,-46.0,53.33,3.78
40,Borogontsy,96,RU,1562630741,76,62.67,131.17,63.86,10.07
41,Yellowknife,75,CA,1562630408,62,62.45,-114.38,53.6,12.75
42,Krabi,20,TH,1562630902,100,8.06,98.92,75.2,7.31
43,Vaini,87,IN,1562630699,87,15.34,74.49,77.83,8.5
44,Kautokeino,76,NO,1562630902,78,69.01,23.04,45.29,1.1
45,Chokurdakh,49,RU,1562630714,38,70.62,147.9,70.97,9.37
46,Puerto Rico,93,CO,1562630903,99,1.91,-75.15,55.92,1.86
47,Sabang,100,PH,1562630903,74,13.8,121.11,81.43,3.33
48,Mahebourg,40,MU,1562630731,94,-20.41,57.7,70.0,3.36
49,Geraldton,40,CA,1562630903,44,49.72,-86.95,78.8,19.46
50,Coquimbo,90,CL,1562630727,82,-29.95,-71.34,55.99,4.7
51,Saint Lawrence,0,MT,1562630904,78,36.06,14.2,82.0,6.93
52,Tura,29,RU,1562630743,64,64.27,100.22,62.51,16.71
53,Korem,88,ET,1562630904,64,12.51,39.52,62.17,5.79
54,Thompson,75,CA,1562630706,53,55.74,-97.86,75.2,9.17
55,Astara,40,AZ,1562630904,68,38.42,48.87,69.8,4.07
56,Talnakh,40,RU,1562630905,87,69.49,88.39,46.4,22.37
57,Cape Town,20,ZA,1562630581,93,-33.93,18.42,63.0,6.93
58,Luderitz,0,NA,1562630721,58,-26.65,15.16,57.2,5.82
59,Srandakan,91,ID,1562630905,78,-7.94,110.25,75.36,13.8
60,Hay River,75,CA,1562630906,58,60.82,-115.79,55.4,8.05
61,Avarua,4,CK,1562630770,74,-21.21,-159.78,78.8,6.93
62,Ovalle,78,CL,1562630906,88,-30.6,-71.2,51.08,3.67
63,Buin,2,CL,1562630907,81,-33.73,-70.74,51.8,8.05
64,San Patricio,0,PY,1562630907,87,-26.98,-56.83,51.06,5.57
65,Fort-Shevchenko,0,KZ,1562630907,58,44.51,50.26,79.59,17.6
66,Tuatapere,100,NZ,1562630720,75,-46.13,167.69,50.0,17.0
67,Port Elizabeth,26,US,1562630707,69,39.31,-74.98,77.0,6.93
68,Harper,1,US,1562630701,46,30.3,-99.24,95.0,9.17
69,Panjab,0,AF,1562630908,50,34.38,67.02,44.53,5.84
70,Codrington,0,AU,1562630687,93,-28.95,153.24,64.0,4.03
71,Lebu,88,ET,1562630719,87,8.96,38.73,58.52,1.63
72,Basco,40,US,1562630908,58,40.33,-91.2,86.0,6.93
73,Narsaq,100,GL,1562630419,21,60.91,-46.05,62.6,24.16
74,Lahad Datu,48,MY,1562630909,80,5.02,118.33,77.36,1.77
75,Ust-Kuyga,72,RU,1562630909,65,70.0,135.55,67.88,7.27
76,Kadnikov,16,RU,1562630909,93,59.5,40.34,50.51,3.31
77,Sao Joao da Barra,0,BR,1562630849,82,-21.64,-41.05,64.4,2.24
78,Mindelo,32,PT,1562630910,100,41.31,-8.72,66.99,5.28
79,Pacific Grove,90,US,1562630411,63,36.62,-121.92,79.0,12.75
80,Jamestown,0,AU,1562630711,73,-33.21,138.6,50.04,5.3
81,Hongjiang,100,CN,1562630910,96,27.21,109.83,64.11,2.1
82,Alyangula,94,AU,1562630911,94,-13.85,136.42,73.4,5.82
83,Cidreira,0,BR,1562630703,87,-30.17,-50.22,50.47,2.86
84,Sarh,0,TD,1562630911,78,9.14,18.39,80.6,0.87
85,Mar del Plata,78,AR,1562630730,72,-46.43,-67.52,45.21,6.11
86,Meulaboh,58,ID,1562630750,82,4.14,96.13,80.55,6.89
87,Constitucion,75,MX,1562630912,55,23.99,-104.67,72.0,13.87
88,Bredasdorp,0,ZA,1562630722,81,-34.53,20.04,53.6,3.36
89,San Ramon,75,NI,1562630787,94,12.92,-85.84,71.6,4.7
90,Winneba,20,GH,1562630913,88,5.35,-0.62,77.0,9.17
91,Malabo,0,CD,1562630913,93,1.56,30.43,62.51,1.21
92,Kunya,0,NG,1562630913,88,12.22,8.53,73.4,6.93
93,Hilo,90,US,1562630693,88,19.71,-155.08,79.0,4.7
94,Chabahar,45,IR,1562630914,91,25.29,60.65,78.87,3.42
95,Yuanping,100,CN,1562630914,86,38.72,112.71,57.29,2.66
96,Haines Junction,87,CA,1562630914,37,60.75,-137.51,66.9,6.17
97,Billings,90,US,1562630657,72,45.79,-108.5,64.4,11.41
98,Bocana de Paiwas,78,NI,1562630915,97,12.79,-85.12,72.63,2.33
99,Sun Valley,1,US,1562630915,14,39.6,-119.78,88.0,16.11
100,Guerrero Negro,33,MX,1562630915,85,27.97,-114.04,65.37,11.74
101,Hithadhoo,86,MV,1562630712,79,-0.6,73.08,83.5,14.92
102,Pangoa,0,PE,1562630916,81,-12.12,-73.0,67.7,1.99
103,Puerto Ayora,75,EC,1562630702,69,-0.74,-90.35,78.8,6.93
104,Bluff,0,AU,1562630712,62,-23.58,149.07,66.62,2.8
105,Fratautii Noi,0,RO,1562630916,76,47.94,25.84,57.0,2.24
106,Zachepylivka,44,UA,1562630917,87,49.2,35.24,55.2,7.27
107,Saint George,0,GR,1562630704,74,39.45,22.34,82.0,10.29
108,Kodiak,1,US,1562630645,62,39.95,-94.76,87.01,9.17
109,Katsuura,75,JP,1562630917,88,33.93,134.5,75.2,11.41
110,Victor Harbor,20,AU,1562630917,87,-35.55,138.62,54.0,11.41
111,Santiago del Estero,0,AR,1562630918,44,-27.8,-64.26,54.29,5.19
112,Lagoa,0,PT,1562630526,77,37.14,-8.45,66.99,6.93
113,La Romana,40,DO,1562630805,78,18.43,-68.97,82.4,9.17
114,Leningradskiy,8,RU,1562630617,68,69.38,178.42,51.03,9.35
115,Tasiilaq,39,GL,1562630919,80,65.61,-37.64,39.2,6.93
116,Huanren,17,CN,1562630919,69,41.26,125.37,72.0,3.0
117,Bulawayo,0,ZW,1562630919,67,-20.16,28.59,50.43,9.01
118,Upernavik,76,GL,1562630486,79,72.79,-56.15,41.72,15.66
119,Ballina,93,IE,1562630920,94,54.11,-9.15,60.01,3.0
120,Yumen,2,CN,1562630920,38,40.29,97.04,68.52,16.75
121,New Norfolk,20,AU,1562630704,71,-42.78,147.06,55.99,10.29
122,Poum,0,MK,1562630920,82,41.28,20.71,60.8,3.36
123,Kununurra,63,AU,1562630921,49,-15.77,128.74,71.6,6.93
124,Lasa,0,CY,1562630724,88,34.92,32.53,77.0,5.82
125,Yerbogachen,87,RU,1562630748,62,61.28,108.01,68.87,4.76
126,Ilulissat,20,GL,1562630515,37,69.22,-51.1,55.4,3.36
127,Saskylakh,57,RU,1562630740,64,71.97,114.09,56.45,10.78
128,Mitsamiouli,0,KM,1562630921,78,-11.38,43.28,77.65,18.57
129,Tapes,0,BR,1562630732,80,-30.67,-51.4,51.01,3.44
130,Pitkyaranta,95,RU,1562630922,85,61.57,31.48,52.83,19.73
131,Kapaa,90,US,1562630692,70,22.08,-159.32,84.2,18.34
132,Tilichiki,100,RU,1562630922,76,60.47,166.1,57.35,1.28
133,Hofn,96,IS,1562630729,94,64.25,-15.21,34.81,1.12
134,Kaitangata,100,NZ,1562630749,58,-46.28,169.85,50.0,15.01
135,Sivaki,100,RU,1562630923,71,52.63,126.75,72.2,4.27
136,Mitu,0,IR,1562630924,58,36.2,46.09,60.42,3.62
137,Yar-Sale,40,RU,1562630804,70,66.83,70.83,47.28,11.63
138,Saldanha,37,PT,1562630924,85,41.42,-6.55,60.28,2.35
139,Dikson,100,RU,1562630745,97,73.51,80.55,32.15,12.62
140,Yulara,0,AU,1562630748,47,-25.24,130.99,46.4,5.82
141,Jahazpur,100,IN,1562630644,74,25.62,75.28,81.45,15.75
142,East London,44,ZA,1562630694,63,-33.02,27.91,54.57,6.35
143,Ibipeba,31,BR,1562630925,86,-11.64,-42.01,60.44,10.27
144,Saint-Joseph,0,FR,1562630925,73,43.56,6.97,81.0,3.36
145,Eureka,90,US,1562630846,77,40.8,-124.16,64.99,12.75
146,Ranong,20,TH,1562630926,100,9.96,98.62,75.2,12.64
147,Nizhnevartovsk,40,RU,1562630775,93,60.93,76.58,55.4,2.24
148,Clyde River,40,CA,1562630781,66,70.47,-68.59,50.0,4.7
149,Broome,100,GB,1562630756,76,52.47,1.45,59.0,3.36
150,Ostrovnoy,100,RU,1562630927,93,68.05,39.51,38.88,7.9
151,Presidencia Roque Saenz Pena,0,AR,1562630927,73,-26.79,-60.44,54.65,7.0
152,Kruisfontein,54,ZA,1562630750,91,-34.0,24.73,53.87,8.68
153,Windhoek,0,NA,1562630928,20,-22.57,17.08,51.8,3.36
154,Chuy,98,UY,1562630640,73,-33.69,-53.46,48.53,4.92
155,Kodigenahalli,40,IN,1562630928,100,13.72,77.39,69.8,14.99
156,Sao Filipe,19,CV,1562630725,79,14.9,-24.5,73.33,13.42
157,Port Hardy,75,CA,1562630813,72,50.7,-127.42,64.4,5.82
158,Melo,58,UY,1562630929,82,-32.37,-54.17,44.98,3.15
159,Buraydah,0,SA,1562630929,24,26.33,43.97,89.6,10.29
160,Atbasar,58,KZ,1562630929,77,51.81,68.36,57.89,3.98
161,Padang,100,ID,1562630929,84,-0.92,100.36,76.23,5.06
162,Nikolskoye,90,RU,1562630542,87,59.7,30.79,57.99,6.71
163,Nishihara,90,JP,1562630930,77,35.74,139.53,71.01,4.7
164,Ilebo,13,CD,1562630930,46,-4.33,20.59,68.85,1.45
165,Le Vauclin,83,MQ,1562630930,94,14.55,-60.84,82.4,3.36
166,Rafraf,20,TN,1562630931,27,37.19,10.18,87.8,1.12
167,Rincon,75,PA,1562630899,78,8.46,-82.28,82.4,3.36
168,Manchester,1,US,1562630931,44,43.0,-71.45,78.8,3.36
169,Muisne,90,EC,1562630799,88,0.61,-80.02,78.8,6.93
170,Nattam,40,IN,1562630932,49,12.7,79.97,89.6,11.41
171,Bom Jesus,20,BR,1562630932,83,-5.99,-35.58,77.0,4.7
172,Longyearbyen,75,NO,1562630742,81,78.22,15.63,50.0,4.7
173,Oktyabrskiy,1,RU,1562630933,93,55.61,37.97,57.0,4.47
174,San Quintin,100,PH,1562630933,79,17.54,120.52,79.22,3.15
175,Pochutla,75,MX,1562630750,70,15.74,-96.47,86.0,6.93
176,Bethel,75,US,1562630728,43,60.79,-161.76,87.8,8.05
177,Ritchie,0,ZA,1562630934,70,-29.03,24.6,44.6,3.36
178,San Jeronimo,45,PE,1562630934,89,-13.65,-73.37,45.79,3.29
179,Baisha,100,CN,1562630934,66,19.23,109.45,84.99,21.0
180,Vallenar,87,CL,1562630934,92,-28.58,-70.76,48.13,1.45
181,Ahar,17,IR,1562630935,60,38.48,47.07,57.67,1.7
182,High Prairie,100,CA,1562630935,96,55.43,-116.48,47.45,10.18
183,Bereda,90,ES,1562630935,93,43.27,-7.54,66.0,5.82
184,Imbituba,0,BR,1562630816,77,-28.24,-48.67,59.0,4.7
185,Paso de Carrasco,0,UY,1562630936,76,-34.86,-56.05,51.01,8.05
186,Thinadhoo,91,MV,1562630936,76,0.53,72.93,84.2,11.21
187,Victoria,75,BN,1562630373,94,5.28,115.24,78.8,5.12
188,Fort Smith,1,US,1562630713,88,35.39,-94.42,86.0,2.1
189,Cockburn Town,2,TC,1562630438,79,21.46,-71.14,82.55,19.17
190,Ugoofaaru,85,MV,1562630937,77,5.67,73.0,83.84,16.73
191,San Cristobal,81,HN,1562630937,77,14.68,-86.92,73.46,7.23
192,Cabanglasan,74,PH,1562630937,80,8.08,125.3,72.14,2.08
193,Rawson,66,AR,1562630938,59,-43.3,-65.11,49.08,11.41
194,Ahipara,100,NZ,1562630778,100,-35.17,173.16,60.01,6.82
195,Kirakira,64,SB,1562630938,84,-10.46,161.92,80.01,17.63
196,Tabuk,100,PH,1562630938,70,17.41,121.44,71.51,2.73
197,Dunedin,91,NZ,1562630729,57,-45.87,170.5,50.0,4.0
198,Peniche,20,PT,1562630939,82,39.36,-9.38,66.2,8.05
199,Maragheh,51,IR,1562630939,47,37.39,46.24,65.84,5.73
200,Smoky Lake,73,CA,1562630940,63,54.11,-112.47,66.99,6.38
201,Tabas,0,IR,1562630940,18,33.6,56.92,91.4,2.24
202,Qostanay,0,KZ,1562630940,67,53.17,63.58,60.8,6.71
203,Beringovskiy,85,RU,1562630735,40,63.05,179.32,66.4,5.64
204,Fortuna Foothills,1,US,1562630941,11,32.66,-114.41,104.0,3.36
205,Sur,11,OM,1562630941,53,22.57,59.53,84.02,3.2
206,Sambava,30,MG,1562630705,96,-14.27,50.17,66.45,2.28
207,Japura,100,ID,1562630942,98,-0.42,102.29,73.17,2.33
208,Alofi,57,NU,1562630942,81,-19.06,-169.92,77.25,8.97
209,Paamiut,93,GL,1562630942,71,61.99,-49.67,48.85,16.64
210,Sitka,14,US,1562630718,59,37.17,-99.65,88.0,10.0
211,Sechura,7,PE,1562630745,83,-5.56,-80.82,65.9,12.71
212,Torbay,20,CA,1562630739,45,47.66,-52.73,66.2,17.22
213,Belyy Yar,0,RU,1562630943,88,53.6,91.39,62.6,2.08
214,Hermiston,1,US,1562630825,26,45.84,-119.29,84.99,8.37
215,Tongliao,100,CN,1562630944,52,43.61,122.27,80.62,5.97
216,Nanortalik,100,GL,1562630731,59,60.14,-45.24,47.52,0.18
217,Pacifica,90,US,1562630945,87,37.61,-122.49,68.0,6.93
218,Pangai,75,TO,1562630945,83,-19.8,-174.35,77.0,9.17
219,Boa Vista,20,BR,1562630733,78,2.82,-60.67,82.4,2.24
220,Belmonte,30,PT,1562630945,70,40.36,-7.35,63.0,2.24
221,Namibe,0,AO,1562630946,81,-15.19,12.15,68.11,3.6
222,Oliver,75,CA,1562630946,31,49.18,-119.55,78.8,3.36
223,Mazatlan,20,MX,1562630879,46,23.22,-106.42,93.2,12.75
224,Hobyo,15,SO,1562630947,72,5.35,48.53,77.79,22.55
225,Slonim,74,BY,1562630947,96,53.09,25.32,49.57,11.1
226,Ribeira Grande,40,PT,1562630694,82,38.52,-28.7,68.0,5.82
227,Huarmey,6,PE,1562630947,91,-10.07,-78.15,62.82,15.64
228,Nouadhibou,0,MR,1562630729,82,20.93,-17.03,68.0,18.34
229,Fukue,75,JP,1562630948,78,35.03,136.69,78.01,14.99
230,Muncar,76,ID,1562630948,87,-8.43,114.34,70.25,1.61
231,Pisco,0,PE,1562630948,30,-13.71,-76.2,71.6,5.82
232,Ponta Delgada,20,PT,1562630666,82,37.73,-25.67,64.4,6.93
233,Belogorsk,100,RU,1562630949,73,50.92,128.47,75.08,7.45
234,Warrnambool,60,AU,1562630949,96,-38.38,142.48,51.01,1.01
235,Sai Buri,80,TH,1562630692,92,6.7,101.62,74.72,1.77
236,Komsomolskiy,26,RU,1562630949,73,67.55,63.78,43.63,9.57
237,Bambous Virieux,40,MU,1562630732,94,-20.34,57.76,70.0,3.36
238,Mikhaylovka,56,RU,1562630950,84,52.96,103.29,63.59,3.83
239,Kananga,44,CD,1562630950,38,-5.9,22.41,67.19,3.06
240,Bahia Blanca,100,AR,1562630950,67,-38.72,-62.27,50.45,8.72
241,Potsdam,0,DE,1562630686,66,52.4,13.06,57.0,8.05
242,Yichun,55,CN,1562630951,58,47.72,128.88,81.93,3.0
243,Conchas,0,BR,1562630951,70,-23.02,-48.01,49.34,3.98
244,Dingle,63,PH,1562630952,76,11.0,122.67,80.26,2.89
245,Carnarvon,0,ZA,1562630952,79,-30.97,22.13,46.37,4.74
246,Ngorongoro,0,TZ,1562630952,84,-3.24,35.49,61.76,15.99
247,Nikolayevsk-na-amure,98,RU,1562630952,72,53.14,140.72,53.66,6.04
248,Cherskiy,84,RU,1562630726,35,68.75,161.3,74.39,10.96
249,Belaya Gora,100,RU,1562630953,68,68.54,146.19,62.87,11.95
250,Teknaf,100,BD,1562630953,79,20.86,92.31,85.46,16.53
251,Coruripe,100,BR,1562630953,97,-10.12,-36.18,69.89,5.93
252,Celestun,55,MX,1562630954,81,20.87,-90.4,82.15,19.57
253,Provideniya,0,RU,1562630493,43,64.42,-173.23,73.4,13.42
254,Naze,100,NG,1562630954,96,5.43,7.07,72.43,4.63
255,Ambon,0,FR,1562630954,48,47.55,-2.56,66.0,6.93
256,Marienburg,75,DE,1562630955,81,52.12,9.98,55.99,12.75
257,Airai,57,TL,1562630955,66,-8.93,125.41,75.45,1.63
258,Kamenka,2,MD,1562630955,88,48.03,28.7,51.01,3.69
259,Port Blair,85,IN,1562630956,78,11.67,92.75,83.84,16.22
260,Zambezi,26,ZM,1562630956,35,-13.55,23.12,51.51,3.38
261,Fort Nelson,75,CA,1562630956,48,58.81,-122.69,62.6,5.82
262,Nsanje,0,MZ,1562630956,66,-16.92,35.26,61.23,5.68
263,Nuuk,5,GL,1562630714,71,64.17,-51.74,53.6,13.87
264,Santa Lucia,0,IT,1562630957,69,41.98,12.66,78.8,2.24
265,Olinda,75,AU,1562630821,76,-37.84,145.39,53.01,13.87
266,Kahului,75,US,1562630754,74,20.89,-156.47,84.2,13.87
267,Temirtau,0,KZ,1562630958,93,50.05,72.96,44.6,6.71
268,Pendleton,1,US,1562630856,70,34.65,-82.78,93.2,1.19
269,Kavaratti,100,IN,1562630958,80,10.57,72.64,83.54,18.23
270,Yajalon,75,MX,1562630958,62,17.17,-92.33,89.6,11.41
271,Nantucket,1,US,1562630959,68,41.28,-70.1,73.0,8.05
272,Ixtapa,75,MX,1562630959,58,20.71,-105.21,86.0,10.29
273,Margate,20,AU,1562630959,71,-43.03,147.26,55.99,10.29
274,Iskitim,0,RU,1562630959,93,54.64,83.3,59.0,4.47
275,Skovorodino,78,RU,1562630960,78,53.99,123.94,65.45,3.8
276,Acapulco,90,MX,1562630960,74,16.86,-99.88,87.8,12.75
277,Troitskoye,0,RU,1562630960,82,52.98,84.68,62.28,3.31
278,Kloulklubed,75,PW,1562630961,83,7.04,134.26,78.8,6.93
279,Yaroslavl,0,RU,1562630961,100,57.63,39.89,55.4,1.41
280,Chapais,1,CA,1562630698,40,49.78,-74.86,71.6,11.41
281,Solnechnyy,100,RU,1562630961,93,50.72,136.64,58.97,4.43
282,Severobaykalsk,61,RU,1562630962,52,55.65,109.32,61.41,2.13
283,Laguna,40,BZ,1562630797,62,16.17,-88.94,87.8,4.7
284,Saraland,40,US,1562630962,78,30.82,-88.07,90.0,5.82
285,Zelenogorskiy,0,RU,1562630963,82,55.03,87.0,60.8,2.24
286,Bara,100,NG,1562630963,91,10.41,10.6,73.74,3.33
287,Port Hedland,0,AU,1562630733,62,-20.31,118.58,57.2,5.82
288,Upington,0,ZA,1562630963,68,-28.46,21.24,50.0,3.0
289,Itoman,75,JP,1562630964,88,26.12,127.67,84.0,9.17
290,Jiwani,73,PK,1562630964,78,25.05,61.74,83.72,4.32
291,Ziarat,0,PK,1562630964,15,30.38,67.73,62.04,1.99
292,Thayetmyo,97,MM,1562630965,95,19.32,95.18,75.4,6.91
293,Monrovia,75,LR,1562630965,94,6.33,-10.8,75.2,9.04
294,Gornopravdinsk,90,RU,1562630966,96,60.06,69.92,53.87,0.81
295,Diffa,100,NE,1562630966,41,13.32,12.61,85.19,13.04
296,Turukhansk,98,RU,1562630966,96,65.8,87.96,56.93,6.38
297,Lompoc,17,US,1562630724,49,34.64,-120.46,73.4,12.75
298,Praya,75,ID,1562630967,94,-8.71,116.27,71.6,13.62
299,Marsa Matruh,40,EG,1562630967,83,31.35,27.25,78.8,9.17
300,Raahe,0,FI,1562630968,70,64.68,24.47,46.4,4.7
301,Aklavik,75,CA,1562630728,59,68.22,-135.01,66.2,6.93
302,Praia da Vitoria,20,PT,1562630968,88,38.73,-27.07,68.0,8.16
303,Virginia Beach,75,US,1562630408,88,36.85,-75.98,79.0,3.36
304,Klaksvik,0,FO,1562630710,93,62.23,-6.59,44.6,1.12
305,Port Hueneme,40,US,1562630969,68,34.15,-119.2,78.01,12.75
306,Srednekolymsk,0,RU,1562630970,30,67.46,153.71,75.78,14.38
307,Katobu,44,ID,1562630806,84,-4.94,122.53,77.06,7.52
308,Plast,16,RU,1562630970,93,54.37,60.81,49.5,7.72
309,Ishigaki,75,JP,1562630746,84,24.34,124.16,86.0,12.75
310,Qasigiannguit,20,GL,1562630970,37,68.82,-51.19,55.4,3.36
311,Sao Joao do Piaui,40,BR,1562630971,65,-8.36,-42.25,72.45,8.43
312,Williams Lake,75,CA,1562630971,49,52.13,-122.14,69.8,3.36
313,Manturovo,67,RU,1562630971,93,58.33,44.76,50.34,3.15
314,Villacarrillo,0,ES,1562630763,65,38.12,-3.08,63.32,7.85
315,Tocopilla,89,CL,1562630972,84,-22.09,-70.2,58.71,14.81
316,Severo-Kurilsk,100,RU,1562630972,96,50.68,156.12,42.05,17.74
317,Katangli,100,RU,1562630972,88,51.71,143.23,47.14,8.37
318,Elizabethton,75,US,1562630973,62,36.35,-82.21,84.2,3.36
319,Olivenza,0,ES,1562630973,66,38.68,-7.1,68.0,8.01
320,Matara,0,BI,1562630973,84,-3.48,29.48,50.81,2.01
321,Loiza,75,PR,1562630973,74,18.43,-65.88,84.2,10.29
322,Tuktoyaktuk,75,CA,1562630700,58,69.44,-133.03,53.6,6.93
323,Kulhudhuffushi,100,MV,1562630974,75,6.62,73.07,83.93,12.53
324,Jawhar,98,IN,1562630974,91,19.91,73.23,78.39,10.31
325,Kilosa,45,TZ,1562630975,92,-6.84,36.99,56.39,4.52
326,Papetoai,75,PF,1562630975,69,-17.5,-149.87,82.4,8.05
327,Pevek,100,RU,1562630697,71,69.7,170.27,45.88,3.83
328,Serabu,100,SL,1562630975,94,7.79,-12.05,73.11,3.96
329,Ngunguru,100,NZ,1562630917,78,-35.62,174.5,55.99,3.0
330,Nome,1,US,1562630976,66,30.04,-94.42,91.4,6.93
331,Adrar,0,DZ,1562630711,9,27.87,-0.29,95.0,16.11
332,Port Lincoln,0,AU,1562630977,82,-34.72,135.86,57.63,19.48
333,Tuxtla,75,MX,1562630977,59,20.0,-97.65,89.6,5.82
334,Sioux Lookout,90,CA,1562630776,48,50.1,-91.92,82.4,6.93
335,Half Moon Bay,90,US,1562630977,87,37.46,-122.43,70.0,6.93
336,Bilma,2,NE,1562630977,37,18.69,12.92,89.17,12.33
337,Renukut,100,IN,1562630978,92,24.22,83.04,76.89,19.62
338,Santa Cruz,32,BR,1562630715,81,-6.22,-36.02,70.52,14.47
339,Fortuna,90,US,1562630978,77,40.6,-124.16,64.99,12.75
340,Santa Vitoria do Palmar,84,BR,1562630979,69,-33.52,-53.37,48.08,4.09
341,Tutoia,18,BR,1562630816,95,-2.76,-42.27,73.06,3.76
342,Salym,100,RU,1562630979,97,60.06,71.48,54.14,4.36
343,Pasighat,100,IN,1562630979,99,28.06,95.33,69.5,1.99
344,Sinnamary,70,GF,1562630804,78,5.38,-52.96,81.5,12.26
345,Leh,0,IN,1562630980,54,34.16,77.58,35.98,3.65
346,Hinton,99,CA,1562630980,90,53.4,-117.57,53.55,9.37
347,Tiznit,0,MA,1562630980,85,29.7,-9.73,67.21,23.87
348,Todos Santos,40,MX,1562630981,24,23.45,-110.23,93.99,9.17
349,Dubna,0,RU,1562630981,94,56.76,37.14,48.63,2.17
350,Barkly West,0,ZA,1562630981,70,-28.54,24.52,44.6,3.36
351,Tanete,0,ID,1562630982,78,-3.94,119.78,79.7,16.84
352,Faanui,67,PF,1562630714,80,-16.48,-151.75,79.34,15.23
353,Quatre Cocos,40,MU,1562630982,94,-20.21,57.76,70.0,3.36
354,Camopi,53,GF,1562630982,98,3.17,-52.33,72.02,2.98
355,Shimoda,75,JP,1562630720,88,34.7,138.93,73.0,19.46
356,Ramshir,0,IR,1562630983,45,30.89,49.41,86.0,14.97
357,Te Anau,83,NZ,1562630983,69,-45.41,167.72,44.17,9.51
358,Bunde,31,BE,1562630983,87,50.9,5.73,53.6,3.36
359,Deputatskiy,98,RU,1562630722,76,69.3,139.9,60.6,4.76
360,Santa Maria,0,BR,1562630984,68,-16.02,-48.01,68.0,8.05
361,Lavrentiya,37,RU,1562630753,28,65.58,-170.99,73.33,7.38
362,Kangaatsiaq,100,GL,1562630984,74,68.31,-53.46,46.87,12.37
363,Passagem Franca,62,BR,1562630984,68,-6.18,-43.78,75.54,7.67
364,Saint Anthony,20,US,1562630985,35,43.97,-111.68,73.4,12.75
365,Tiksi,92,RU,1562630741,73,71.64,128.87,59.33,5.95
366,Vysokogornyy,100,RU,1562630985,92,50.1,139.13,58.88,3.65
367,Kavieng,100,PG,1562630985,74,-2.57,150.8,83.18,14.16
368,Pangnirtung,69,CA,1562630697,64,66.15,-65.72,57.04,4.07
369,Souillac,0,FR,1562630751,43,45.6,-0.6,75.99,12.75
370,Amapa,20,HN,1562630986,70,15.09,-87.97,86.0,16.11
371,Medicine Hat,75,CA,1562630986,40,50.04,-110.68,73.99,12.75
372,Tomakomai,75,JP,1562630986,72,42.65,141.6,73.0,8.05
373,Ternate,20,PH,1562630987,74,14.29,120.72,87.01,7.72
374,Mount Gambier,75,AU,1562630693,100,-37.83,140.78,48.2,9.17
375,Haimen,100,CN,1562630987,88,31.87,121.18,78.01,7.65
376,Bulgan,61,MN,1562630987,59,48.81,103.53,64.56,3.29
377,Knysna,0,ZA,1562630988,76,-34.04,23.05,57.2,9.17
378,Gorakhpur,75,IN,1562630988,100,26.76,83.37,78.8,11.41
379,Yuli,100,CN,1562630988,99,24.82,106.77,67.26,2.08
380,Isangel,20,VU,1562630715,60,-19.55,169.27,75.2,5.82
381,Banjar,100,ID,1562630989,92,-7.37,108.54,70.77,1.1
382,Bonavista,1,CA,1562630708,62,48.65,-53.11,59.99,11.32
383,Port Shepstone,57,ZA,1562630989,60,-30.74,30.45,55.24,5.35
384,Manokwari,86,ID,1562630989,70,-0.87,134.08,79.02,4.0
385,Lazaro Cardenas,40,MX,1562630709,25,28.39,-105.62,87.8,5.82
386,Whitehorse,75,CA,1562630723,29,60.72,-135.06,75.2,8.05
387,Eyl,1,SO,1562630990,67,7.98,49.82,78.42,30.71
388,Makakilo City,75,US,1562630990,83,21.35,-158.09,87.8,11.41
389,Husavik,74,CA,1562630991,76,50.56,-96.99,75.99,1.99
390,Tateyama,75,JP,1562630991,83,36.66,137.31,77.0,2.24
391,Muzhi,93,RU,1562630991,69,65.4,64.7,48.96,2.3
392,Chiaravalle,17,IT,1562630992,73,43.6,13.32,79.0,2.24
393,Biga,0,TR,1562630992,83,40.23,27.24,75.2,6.93
394,Camacha,40,PT,1562630992,72,33.08,-16.33,69.8,8.05
395,Takapau,100,NZ,1562630992,78,-40.02,176.35,51.01,11.01
396,Bud,90,NO,1562630993,81,62.91,6.91,51.8,5.82
397,Salalah,75,OM,1562630993,83,17.01,54.1,84.2,5.82
398,Yaan,100,NG,1562630993,97,7.38,8.57,71.71,4.47
399,Bimbo,0,CF,1562630993,94,4.33,18.53,77.0,1.23
400,Zhigansk,2,RU,1562630994,67,66.77,123.37,71.58,11.36
401,Gloversville,1,US,1562630994,44,43.05,-74.34,80.01,5.82
402,Coromandel,0,BR,1562630994,76,-18.47,-47.2,58.89,4.81
403,Mugumu,4,TZ,1562630994,70,-1.84,34.67,64.04,3.62
404,Paraiso,20,BR,1562630995,94,-0.03,-51.17,82.4,9.17
405,Paoua,100,CF,1562630995,95,7.24,16.43,69.17,3.71
406,Cocobeach,40,GA,1562630995,83,1.01,9.58,77.0,4.7
407,San Carlos de Bariloche,75,AR,1562630996,75,-41.13,-71.31,46.4,13.87
408,Bandarbeyla,29,SO,1562630996,61,9.49,50.81,80.21,26.26
409,Mingguang,100,CN,1562630996,78,32.78,118.01,71.51,10.09
410,Grindavik,75,IS,1562630997,93,63.84,-22.43,54.0,5.82
411,Prince Albert,75,CA,1562630997,72,53.2,-105.75,66.2,8.05
412,Vanimo,81,PG,1562630997,77,-2.67,141.3,81.0,3.02
413,Mandera,5,ET,1562630998,65,3.94,41.86,77.9,8.55
414,Brigantine,1,US,1562630998,60,39.41,-74.36,75.99,9.17
415,West Bay,20,CA,1562630998,60,49.34,-123.21,72.0,6.93
416,Batemans Bay,0,AU,1562630998,69,-35.71,150.18,54.0,3.0
417,Trabzon,0,TR,1562630999,60,41.01,39.72,75.2,8.05
418,Gelibolu,0,TR,1562630999,64,40.41,26.67,75.2,3.36
419,Pativilca,59,PE,1562630999,93,-10.7,-77.78,61.11,13.06
420,Rondonopolis,0,BR,1562631000,49,-16.46,-54.64,64.31,1.03
421,Medyn,0,RU,1562631000,93,54.97,35.86,50.0,2.24
422,Pontianak,20,ID,1562631000,94,-0.02,109.34,75.2,8.05
423,Brae,7,GB,1562631000,93,60.4,-1.35,46.4,1.12
424,Batticaloa,100,LK,1562630770,85,7.71,81.69,76.57,2.15
425,Vestmanna,0,FO,1562631001,93,62.16,-7.17,44.6,1.12
426,Lulea,2,SE,1562631001,62,65.58,22.15,57.2,2.24
427,Khovu-Aksy,0,RU,1562631001,74,51.13,93.72,63.34,2.91
428,Ayr,63,AU,1562631002,75,-19.58,147.4,71.01,4.14
429,Bundoran,100,IE,1562631002,94,54.48,-8.28,57.99,3.0
430,Paita,1,PE,1562631002,90,-5.09,-81.11,64.35,16.89
431,Ryotsu,41,JP,1562631003,73,38.08,138.43,71.6,9.17
432,Galle,99,GN,1562630793,98,10.08,-12.83,69.37,1.34
433,Mandalgovi,0,MN,1562630747,48,45.76,106.27,64.87,9.42
434,Waingapu,23,ID,1562630828,79,-9.65,120.26,72.79,12.8
435,Rio Verde de Mato Grosso,0,BR,1562631004,36,-18.92,-54.84,61.86,4.72
436,Hambantota,99,LK,1562630810,82,6.12,81.12,82.65,18.01
437,Yarim,92,YE,1562631004,58,14.3,44.38,74.64,2.95
438,Henties Bay,0,NA,1562631005,55,-22.12,14.28,62.76,8.03
439,Pimentel,59,BR,1562630751,98,-3.7,-45.5,72.57,1.99
440,Cotonou,20,BJ,1562630883,88,6.37,2.43,77.0,13.87
441,Ejido Hermosillo,1,MX,1562631005,8,32.51,-114.92,102.0,4.14
442,Tucuman,0,PE,1562631007,35,-17.17,-70.89,54.92,3.38
443,Bubaque,100,GW,1562631007,81,11.28,-15.83,80.33,10.02
444,Barao de Melgaco,0,BR,1562631007,41,-16.19,-55.97,78.8,4.7
445,Gotsu,75,JP,1562631008,100,35.01,132.22,69.8,1.12
446,Vammala,90,FI,1562631008,93,61.34,22.91,52.0,9.17
447,Teya,75,MX,1562631008,55,21.05,-89.07,89.6,16.11
448,Matamoros,40,US,1562631008,49,25.87,-97.51,93.2,12.75
449,Pomerode,20,BR,1562631009,93,-26.74,-49.18,54.0,0.94
450,Tezu,100,IN,1562631009,99,27.93,96.16,70.23,2.3
451,La Union,76,GT,1562631010,1,14.97,-89.29,79.0,5.01
452,Derzhavinsk,27,KZ,1562631010,73,51.1,66.31,60.84,2.89
453,Abnub,0,EG,1562631010,39,27.27,31.15,82.4,5.82
454,Ankang,9,CN,1562631010,79,32.73,108.99,64.94,1.52
455,Labuhan,18,ID,1562631011,77,-2.54,115.51,73.44,0.58
456,Khandbari,100,NP,1562631011,96,27.38,87.21,57.08,2.95
457,Los Llanos de Aridane,75,ES,1562630504,73,28.66,-17.92,71.6,16.11
458,Valparaiso,1,US,1562630630,28,41.47,-87.06,81.0,4.7
459,Kenitra,20,MA,1562631012,88,34.26,-6.57,68.0,3.36
460,Saurimo,11,AO,1562631012,30,-9.66,20.4,55.38,4.72
461,Jijiga,85,ET,1562631012,85,9.35,42.8,59.99,7.16
462,Goderich,0,CA,1562630408,62,43.74,-81.71,70.0,8.01
463,Gandia,0,ES,1562631013,83,38.97,-0.18,75.99,3.36
464,Cangzhou,100,CN,1562631013,51,38.3,116.85,80.71,4.07
465,Mabaruma,49,GY,1562631013,97,8.2,-59.78,73.67,2.89
466,Vila Franca do Campo,20,PT,1562631014,82,37.72,-25.43,64.4,6.93
467,Henderson,1,US,1562630893,8,36.04,-114.98,99.0,27.51
468,Punta Gorda,1,US,1562631014,74,26.93,-82.05,84.0,6.93
469,Tanout,96,NE,1562631015,52,14.97,8.88,83.88,6.06
470,Dryden,40,CA,1562631015,51,49.79,-92.84,82.4,11.41
471,Bridlington,100,GB,1562630887,76,54.08,-0.19,57.99,4.7
472,Cabo San Lucas,20,MX,1562630554,28,22.89,-109.91,93.2,8.05
473,Isabela,99,PH,1562631015,73,10.2,122.99,82.4,3.94
474,Narrabri,0,AU,1562631016,93,-30.33,149.78,55.0,5.82
475,Viedma,17,AR,1562630735,75,-40.81,-62.99,47.61,8.79
476,Along,100,IN,1562631016,98,28.17,94.8,60.28,2.28
477,Bagepalli,40,IN,1562631016,100,13.78,77.8,69.8,14.99
478,Yagodnoye,12,RU,1562631017,41,62.52,149.63,65.18,2.51
479,Kahuta,75,PK,1562631017,66,33.59,73.39,84.2,21.92
480,Hasaki,75,JP,1562630701,82,35.73,140.83,68.0,12.75
481,Mocuba,3,MZ,1562631017,95,-16.84,36.99,56.16,2.48
482,Narang,75,PK,1562631018,94,32.43,73.82,77.0,20.8
483,Gazanjyk,41,TM,1562631008,34,39.24,55.52,90.29,5.35
484,Wanning,40,AT,1562631018,82,48.64,13.53,59.0,6.93
485,Tarakan,75,ID,1562630764,94,3.3,117.63,77.0,5.82
486,Aleksandrovsk-Sakhalinskiy,85,RU,1562631019,82,50.9,142.16,52.41,13.91
487,Lyngseidet,0,NO,1562631019,62,69.58,20.21,53.6,5.82
488,Tulum,75,MX,1562630948,88,20.21,-87.46,79.0,5.82
489,Makambako,20,TZ,1562631019,82,-8.85,34.82,56.3,11.27
490,Rastu,32,RO,1562631020,82,43.88,23.28,62.6,8.05
491,Edd,80,ER,1562631020,27,13.93,41.69,90.34,4.47
492,Matagami,100,NG,1562631020,99,9.67,8.4,68.34,3.8
493,Hualmay,11,PE,1562631020,90,-11.1,-77.61,62.62,15.79
494,Ivybridge,20,GB,1562631021,87,50.39,-3.92,59.0,1.12
495,Charyshskoye,57,RU,1562631021,89,51.4,83.56,61.05,2.46
496,San Borja,0,BO,1562631021,81,-14.86,-66.75,64.51,0.96
497,Kisangani,75,CD,1562631022,95,0.52,25.21,71.4,2.15
498,Baghmara,100,IN,1562631022,87,23.8,86.21,78.82,6.76
499,Nizhniy Kuranakh,35,RU,1562631022,77,58.84,125.49,69.86,6.31
500,Aksha,0,RU,1562631022,65,50.28,113.29,64.06,4.23
501,Port-Cartier,75,CA,1562631023,28,50.03,-66.88,71.6,23.04
502,Puerto Escondido,75,MX,1562631023,74,15.86,-97.07,86.0,5.82
503,Luoyang,84,CN,1562631023,61,34.66,112.42,73.01,3.87
504,Yelan,49,RU,1562631024,89,50.95,43.74,62.01,1.99
505,Ilo,29,PE,1562631024,86,-17.65,-71.34,60.64,11.52
506,Merauke,59,ID,1562631024,82,-8.49,140.4,78.46,21.92
507,Maniitsoq,96,GL,1562630739,57,65.42,-52.9,54.72,4.59
508,Florence,1,US,1562631000,66,34.8,-87.68,91.99,8.05
509,Aguimes,20,ES,1562631025,73,27.91,-15.45,71.6,18.34
510,Novo Oriente,84,BR,1562631025,68,-5.54,-40.77,70.95,8.21
511,Bloemfontein,0,ZA,1562631025,74,-29.12,26.22,35.6,3.36
512,Ravar,29,IR,1562631026,18,31.27,56.81,73.82,5.08
513,Kabanjahe,94,ID,1562631026,98,3.1,98.49,69.44,1.3
514,Homer,1,US,1562631026,77,59.64,-151.54,84.0,8.05
515,Pedregulho,0,BR,1562631026,71,-20.25,-47.48,55.83,6.51
516,Truro,40,GB,1562631027,87,50.26,-5.05,62.01,8.05
517,Huangchuan,90,CN,1562631027,93,24.57,102.46,63.0,8.95
518,Barcelos,13,BR,1562631027,95,-0.97,-62.93,72.63,1.81
519,Arroyo,0,BO,1562631028,65,-11.08,-66.08,78.8,0.65
520,Lorengau,98,PG,1562631028,73,-2.02,147.27,83.16,9.62
521,Tarija,0,BO,1562631028,29,-21.53,-64.73,66.2,3.2
522,Dungarpur,99,IN,1562631028,80,23.85,73.71,79.14,14.43
523,Rio Grande,38,BR,1562630726,93,-32.03,-52.1,46.13,3.56
524,Tourlaville,0,FR,1562631029,82,49.64,-1.57,62.01,8.05
525,Malanje,11,AO,1562631029,27,-9.54,16.35,57.26,3.83
526,Hays,40,US,1562631029,52,38.88,-99.33,91.4,19.46
527,Altay,22,CN,1562631030,58,47.83,88.13,61.45,4.68
